"nodeType","testName","category","metric","value","timestamp"
"client","S2","latency","read",425689,"1684047453534"
"client","S2","latency","read",10569,"1684047453618"
"client","S2","latency","read",7890,"1684047453650"
"client","S2","latency","read",23391,"1684047453703"
"client","S2","latency","read",3245,"1684047453706"
"client","S2","latency","read",6937,"1684047453726"
"client","S2","latency","read",8797,"1684047453799"
"client","S2","latency","read",10701,"1684047453809"
"client","S2","latency","read",6601,"1684047453816"
"client","S2","latency","read",8378,"1684047453830"
"client","S2","latency","read",9023,"1684047453839"
"client","S2","latency","read",11765,"1684047453851"
"client","S2","latency","read",9576,"1684047453860"
"client","S2","latency","read",7790,"1684047453904"
"client","S2","latency","read",4138,"1684047453916"
"client","S2","latency","read",4338,"1684047453920"
"client","S2","latency","read",9960,"1684047453939"
"client","S2","latency","read",8313,"1684047453947"
"client","S2","latency","read",12264,"1684047453960"
"client","S2","latency","read",9232,"1684047453976"
"client","S2","latency","read",4809,"1684047453981"
"client","S2","latency","read",8603,"1684047454008"
"client","S2","latency","read",16140,"1684047454062"
"client","S2","latency","read",3853,"1684047454089"
"client","S2","latency","read",5835,"1684047454128"
"client","S2","latency","read",2711,"1684047454160"
"client","S2","latency","read",8341,"1684047454169"
"client","S2","latency","read",9365,"1684047454189"
"client","S2","latency","read",5752,"1684047454195"
"client","S2","latency","read",6231,"1684047454201"
"client","S2","latency","read",6534,"1684047454208"
"client","S2","latency","read",6762,"1684047454221"
"client","S2","latency","read",2698,"1684047454263"
"client","S2","latency","read",7818,"1684047454275"
"client","S2","latency","read",2539,"1684047454277"
"client","S2","latency","read",2523,"1684047454287"
"client","S2","latency","read",5802,"1684047454293"
"client","S2","latency","read",3857,"1684047454297"
"client","S2","latency","read",2783,"1684047454300"
"client","S2","latency","read",4793,"1684047454334"
"client","S2","latency","read",14599,"1684047454369"
"client","S2","latency","read",6524,"1684047454375"
"client","S2","latency","read",4457,"1684047454380"
"client","S2","latency","read",6201,"1684047454396"
"client","S2","latency","read",12038,"1684047454460"
"client","S2","latency","read",11386,"1684047454484"
"client","S2","latency","read",3699,"1684047454488"
"client","S2","latency","read",4135,"1684047454506"
"client","S2","latency","read",2503,"1684047454538"
"client","S2","latency","read",6076,"1684047454544"
"client","S2","latency","read",3600,"1684047454548"
"client","S2","latency","read",5151,"1684047454553"
"client","S2","latency","read",2485,"1684047454556"
"client","S2","latency","read",3687,"1684047454563"
"client","S2","latency","read",3700,"1684047454601"
"client","S2","latency","read",6437,"1684047454616"
"client","S2","latency","read",3597,"1684047454629"
"client","S2","latency","read",7475,"1684047454637"
"client","S2","latency","read",9631,"1684047454646"
"client","S2","latency","read",16051,"1684047454673"
"client","S2","latency","read",12702,"1684047454686"
"client","S2","latency","read",6318,"1684047454692"
"client","S2","latency","read",10218,"1684047454708"
"client","S2","latency","read",2407,"1684047454744"
"client","S2","latency","read",3767,"1684047454748"
"client","S2","latency","read",5163,"1684047454753"
"client","S2","latency","read",3362,"1684047454768"
"client","S2","latency","read",4018,"1684047454800"
"client","S2","latency","read",5618,"1684047454836"
"client","S2","latency","read",7743,"1684047454851"
"client","S2","latency","read",3413,"1684047454860"
"client","S2","latency","read",3322,"1684047454863"
"client","S2","latency","read",5003,"1684047454868"
"client","S2","latency","read",3388,"1684047454872"
"client","S2","latency","read",2305,"1684047454874"
"client","S2","latency","read",7310,"1684047454881"
"client","S2","latency","read",4601,"1684047454890"
"client","S2","latency","read",2360,"1684047454892"
"client","S2","latency","read",2553,"1684047454905"
"client","S2","latency","read",4859,"1684047454913"
"client","S2","latency","read",5041,"1684047454929"
"client","S2","latency","read",4851,"1684047454934"
"client","S2","latency","read",6151,"1684047454948"
"client","S2","latency","read",9518,"1684047454958"
"client","S2","latency","read",2415,"1684047454960"
"client","S2","latency","read",3114,"1684047454964"
"client","S2","latency","read",3828,"1684047454973"
"client","S2","latency","read",8642,"1684047454988"
"client","S2","latency","read",2433,"1684047454997"
"client","S2","latency","read",17854,"1684047455031"
"client","S2","latency","read",7719,"1684047455038"
"client","S2","latency","read",7989,"1684047455046"
"client","S2","latency","read",5282,"1684047455052"
"client","S2","latency","read",3998,"1684047455056"
"client","S2","latency","read",4556,"1684047455066"
"client","S2","latency","read",3408,"1684047455081"
"client","S2","latency","read",3356,"1684047455096"
"client","S2","latency","read",2915,"1684047455099"
"client","S2","latency","read",3321,"1684047455107"
"client","S2","latency","read",2307,"1684047455115"
"client","S2","latency","read",2342,"1684047455164"
"client","S2","latency","read",4437,"1684047455187"
"client","S2","latency","read",4756,"1684047455192"
"client","S2","latency","read",5850,"1684047455198"
"client","S2","latency","read",3508,"1684047455201"
"client","S2","latency","read",4082,"1684047455205"
"client","S2","latency","read",3930,"1684047455209"
"client","S2","latency","read",3306,"1684047455232"
"client","S2","latency","read",4964,"1684047455237"
"client","S2","latency","read",2404,"1684047455240"
"client","S2","latency","read",3314,"1684047455243"
"client","S2","latency","read",3710,"1684047455247"
"client","S2","latency","read",3398,"1684047455251"
"client","S2","latency","read",3286,"1684047455254"
"client","S2","latency","read",6482,"1684047455261"
"client","S2","latency","read",3325,"1684047455264"
"client","S2","latency","read",18032,"1684047455301"
"client","S2","latency","read",5189,"1684047455312"
"client","S2","latency","read",8037,"1684047455320"
"client","S2","latency","read",3788,"1684047455329"
"client","S2","latency","read",2310,"1684047455331"
"client","S2","latency","read",6125,"1684047455341"
"client","S2","latency","read",5145,"1684047455371"
"client","S2","latency","read",4282,"1684047455376"
"client","S2","latency","read",6269,"1684047455382"
"client","S2","latency","read",5678,"1684047455388"
"client","S2","latency","read",8105,"1684047455396"
"client","S2","latency","read",7216,"1684047455403"
"client","S2","latency","read",3469,"1684047455433"
"client","S2","latency","read",3423,"1684047455447"
"client","S2","latency","read",2146,"1684047455449"
"client","S2","latency","read",2019,"1684047455462"
"client","S2","latency","read",2214,"1684047455497"
"client","S2","latency","read",6697,"1684047455508"
"client","S2","latency","read",3331,"1684047455511"
"client","S2","latency","read",6088,"1684047455539"
"client","S2","latency","read",2449,"1684047455541"
"client","S2","latency","read",5862,"1684047455547"
"client","S2","latency","read",2018,"1684047455554"
"client","S2","latency","read",3047,"1684047455557"
"client","S2","latency","read",2938,"1684047455560"
"client","S2","latency","read",3232,"1684047455576"
"client","S2","latency","read",2060,"1684047455588"
"client","S2","latency","read",2967,"1684047455591"
"client","S2","latency","read",3055,"1684047455599"
"client","S2","latency","read",3496,"1684047455602"
"client","S2","latency","read",2997,"1684047455611"
"client","S2","latency","read",2650,"1684047455618"
"client","S2","latency","read",3153,"1684047455661"
"client","S2","latency","read",9233,"1684047455670"
"client","S2","latency","read",4260,"1684047455674"
"client","S2","latency","read",13996,"1684047455693"
"client","S2","latency","read",15717,"1684047455715"
"client","S2","latency","read",3194,"1684047455735"
"client","S2","latency","read",2256,"1684047455751"
"client","S2","latency","read",3233,"1684047455754"
"client","S2","latency","read",7752,"1684047455765"
"client","S2","latency","read",2105,"1684047455768"
"client","S2","latency","read",3111,"1684047455781"
"client","S2","latency","read",1998,"1684047455783"
"client","S2","latency","read",2795,"1684047455793"
"client","S2","latency","read",2855,"1684047455796"
"client","S2","latency","read",3305,"1684047455824"
"client","S2","latency","read",10587,"1684047455834"
"client","S2","latency","read",16670,"1684047455854"
"client","S2","latency","read",4183,"1684047455868"
"client","S2","latency","read",3296,"1684047455881"
"client","S2","latency","read",2063,"1684047455883"
"client","S2","latency","read",6108,"1684047455889"
"client","S2","latency","read",3078,"1684047455892"
"client","S2","latency","read",2253,"1684047455928"
"client","S2","latency","read",3139,"1684047455932"
"client","S2","latency","read",2101,"1684047455934"
"client","S2","latency","read",3117,"1684047455937"
"client","S2","latency","read",7207,"1684047455962"
"client","S2","latency","read",2117,"1684047455964"
"client","S2","latency","read",3073,"1684047455971"
"client","S2","latency","read",4309,"1684047455983"
"client","S2","latency","read",3055,"1684047455987"
"client","S2","latency","read",4318,"1684047455991"
"client","S2","latency","read",3081,"1684047455994"
"client","S2","latency","read",8553,"1684047456017"
"client","S2","latency","read",2804,"1684047456024"
"client","S2","latency","read",2024,"1684047456034"
"client","S2","latency","read",3048,"1684047456068"
"client","S2","latency","read",2913,"1684047456084"
"client","S2","latency","read",9863,"1684047456127"
"client","S2","latency","read",2104,"1684047456129"
"client","S2","latency","read",1971,"1684047456131"
"client","S2","latency","read",2021,"1684047456133"
"client","S2","latency","read",2962,"1684047456136"
"client","S2","latency","read",3092,"1684047456156"
"client","S2","latency","read",3238,"1684047456176"
"client","S2","latency","read",2075,"1684047456188"
"client","S2","latency","read",5684,"1684047456197"
"client","S2","latency","read",2904,"1684047456206"
"client","S2","latency","read",7530,"1684047456223"
"client","S2","latency","read",8684,"1684047456231"
"client","S2","latency","read",5027,"1684047456236"
"client","S2","latency","read",2956,"1684047456239"
"client","S2","latency","read",4818,"1684047456244"
"client","S2","latency","read",2154,"1684047456246"
"client","S2","latency","read",1967,"1684047456248"
"client","S2","latency","read",4162,"1684047456252"
"client","S2","latency","read",4439,"1684047456266"
"client","S2","latency","read",2849,"1684047456268"
"client","S2","latency","read",2003,"1684047456278"
"client","S2","latency","read",4666,"1684047456283"
"client","S2","latency","read",2108,"1684047456285"
"client","S2","latency","read",3375,"1684047456301"
"client","S2","latency","read",3222,"1684047456305"
"client","S2","latency","read",6839,"1684047456322"
"client","S2","latency","read",2243,"1684047456324"
"client","S2","latency","read",3379,"1684047456328"
"client","S2","latency","read",2302,"1684047456330"
"client","S2","latency","read",2190,"1684047456332"
"client","S2","latency","read",3157,"1684047456355"
"client","S2","latency","read",2033,"1684047456360"
"client","S2","latency","read",9338,"1684047456370"
"client","S2","latency","read",2050,"1684047456382"
"client","S2","latency","read",3145,"1684047456385"
"client","S2","latency","read",3105,"1684047456389"
"client","S2","latency","read",2087,"1684047456391"
"client","S2","latency","read",6802,"1684047456398"
"client","S2","latency","read",1794,"1684047456403"
"client","S2","latency","read",2075,"1684047456413"
"client","S2","latency","read",2827,"1684047456415"
"client","S2","latency","read",3015,"1684047456422"
"client","S2","latency","read",3460,"1684047456425"
"client","S2","latency","read",2938,"1684047456428"
"client","S2","latency","read",2795,"1684047456442"
"client","S2","latency","read",3041,"1684047456445"
"client","S2","latency","read",7087,"1684047456452"
"client","S2","latency","read",2848,"1684047456455"
"client","S2","latency","read",3228,"1684047456463"
"client","S2","latency","read",1880,"1684047456465"
"client","S2","latency","read",2797,"1684047456472"
"client","S2","latency","read",3112,"1684047456475"
"client","S2","latency","read",3249,"1684047456488"
"client","S2","latency","read",3598,"1684047456496"
"client","S2","latency","read",3085,"1684047456499"
"client","S2","latency","read",2050,"1684047456501"
"client","S2","latency","read",8210,"1684047456509"
"client","S2","latency","read",2680,"1684047456512"
"client","S2","latency","read",1906,"1684047456514"
"client","S2","latency","read",2696,"1684047456516"
"client","S2","latency","read",2960,"1684047456537"
"client","S2","latency","read",3109,"1684047456540"
"client","S2","latency","read",6051,"1684047456546"
"client","S2","latency","read",3050,"1684047456549"
"client","S2","latency","read",1946,"1684047456551"
"client","S2","latency","read",3565,"1684047456567"
"client","S2","latency","read",3157,"1684047456584"
"client","S2","latency","read",2913,"1684047456588"
"client","S2","latency","read",3074,"1684047456591"
"client","S2","latency","read",3259,"1684047456599"
"client","S2","latency","read",2859,"1684047456602"
"client","S2","latency","read",4317,"1684047456619"
"client","S2","latency","read",2686,"1684047456627"
"client","S2","latency","read",3193,"1684047456631"
"client","S2","latency","read",5712,"1684047456636"
"client","S2","latency","read",5758,"1684047456653"
"client","S2","latency","read",1868,"1684047456658"
"client","S2","latency","read",4028,"1684047456677"
"client","S2","latency","read",2829,"1684047456684"
"client","S2","latency","read",6240,"1684047456697"
"client","S2","latency","read",2833,"1684047456718"
"client","S2","latency","read",5648,"1684047456750"
"client","S2","latency","read",3013,"1684047456753"
"client","S2","latency","read",2023,"1684047456763"
"client","S2","latency","read",3040,"1684047456766"
"client","S2","latency","read",2690,"1684047456779"
"client","S2","latency","read",1972,"1684047456781"
"client","S2","latency","read",2560,"1684047456788"
"client","S2","latency","read",3068,"1684047456821"
"client","S2","latency","read",1971,"1684047456823"
"client","S2","latency","read",2854,"1684047456826"
"client","S2","latency","read",2730,"1684047456829"
"client","S2","latency","read",2614,"1684047456835"
"client","S2","latency","read",2892,"1684047456848"
"client","S2","latency","read",3860,"1684047456864"
"client","S2","latency","read",6050,"1684047456873"
"client","S2","latency","read",1928,"1684047456875"
"client","S2","latency","read",2908,"1684047456893"
"client","S2","latency","read",2852,"1684047456906"
"client","S2","latency","read",4926,"1684047456911"
"client","S2","latency","read",2045,"1684047456925"
"client","S2","latency","read",1924,"1684047456926"
"client","S2","latency","read",2879,"1684047456940"
"client","S2","latency","read",5749,"1684047456945"
"client","S2","latency","read",3160,"1684047456952"
"client","S2","latency","read",3452,"1684047456956"
"client","S2","latency","read",5400,"1684047456961"
"client","S2","latency","read",2746,"1684047456964"
"client","S2","latency","read",2728,"1684047456971"
"client","S2","latency","read",3005,"1684047456984"
"client","S2","latency","read",9381,"1684047456993"
"client","S2","latency","read",2158,"1684047457007"
"client","S2","latency","read",2787,"1684047457017"
"client","S2","latency","read",3769,"1684047457021"
"client","S2","latency","read",2114,"1684047457049"
"client","S2","latency","read",2705,"1684047457052"
"client","S2","latency","read",2253,"1684047457059"
"client","S2","latency","read",2034,"1684047457074"
"client","S2","latency","read",2888,"1684047457085"
"client","S2","latency","read",3236,"1684047457089"
"client","S2","latency","read",4844,"1684047457094"
"client","S2","latency","read",6105,"1684047457100"
"client","S2","latency","read",2561,"1684047457106"
"client","S2","latency","read",2855,"1684047457109"
"client","S2","latency","read",2812,"1684047457111"
"client","S2","latency","read",1847,"1684047457113"
"client","S2","latency","read",2817,"1684047457125"
"client","S2","latency","read",4597,"1684047457135"
"client","S2","latency","read",2830,"1684047457147"
"client","S2","latency","read",2875,"1684047457153"
"client","S2","latency","read",2934,"1684047457155"
"client","S2","latency","read",8679,"1684047457164"
"client","S2","latency","read",4780,"1684047457169"
"client","S2","latency","read",2910,"1684047457172"
"client","S2","latency","read",2880,"1684047457180"
"client","S2","latency","read",2904,"1684047457203"
"client","S2","latency","read",2068,"1684047457205"
"client","S2","latency","read",1976,"1684047457215"
"client","S2","latency","read",1770,"1684047457221"
"client","S2","latency","read",2817,"1684047457223"
"client","S2","latency","read",1860,"1684047457225"
"client","S2","latency","read",4731,"1684047457233"
"client","S2","latency","read",1846,"1684047457247"
"client","S2","latency","read",2836,"1684047457257"
"client","S2","latency","read",2823,"1684047457259"
"client","S2","latency","read",4042,"1684047457267"
"client","S2","latency","read",6168,"1684047457281"
"client","S2","latency","read",4959,"1684047457286"
"client","S2","latency","read",2558,"1684047457288"
"client","S2","latency","read",1915,"1684047457290"
"client","S2","latency","read",2904,"1684047457293"
"client","S2","latency","read",2632,"1684047457299"
"client","S2","latency","read",2688,"1684047457301"
"client","S2","latency","read",6564,"1684047457315"
"client","S2","latency","read",1827,"1684047457333"
"client","S2","latency","read",3049,"1684047457336"
"client","S2","latency","read",1773,"1684047457338"
"client","S2","latency","read",2649,"1684047457340"
"client","S2","latency","read",2783,"1684047457347"
"client","S2","latency","read",2125,"1684047457356"
"client","S2","latency","read",6475,"1684047457362"
"client","S2","latency","read",3782,"1684047457369"
"client","S2","latency","read",2573,"1684047457375"
"client","S2","latency","read",1946,"1684047457380"
"client","S2","latency","read",2474,"1684047457387"
"client","S2","latency","read",2817,"1684047457389"
"client","S2","latency","read",3646,"1684047457393"
"client","S2","latency","read",1878,"1684047457395"
"client","S2","latency","read",2585,"1684047457405"
"client","S2","latency","read",3071,"1684047457415"
"client","S2","latency","read",3310,"1684047457419"
"client","S2","latency","read",3065,"1684047457436"
"client","S2","latency","read",2027,"1684047457444"
"client","S2","latency","read",3124,"1684047457448"
"client","S2","latency","read",2239,"1684047457450"
"client","S2","latency","read",2935,"1684047457457"
"client","S2","latency","read",2686,"1684047457464"
"client","S2","latency","read",2550,"1684047457467"
"client","S2","latency","read",2800,"1684047457469"
"client","S2","latency","read",5615,"1684047457475"
"client","S2","latency","read",1944,"1684047457485"
"client","S2","latency","read",2847,"1684047457488"
"client","S2","latency","read",2819,"1684047457491"
"client","S2","latency","read",2933,"1684047457512"
"client","S2","latency","read",5169,"1684047457517"
"client","S2","latency","read",3069,"1684047457520"
"client","S2","latency","read",2941,"1684047457532"
"client","S2","latency","read",3421,"1684047457536"
"client","S2","latency","read",6851,"1684047457547"
"client","S2","latency","read",3021,"1684047457558"
"client","S2","latency","read",2620,"1684047457560"
"client","S2","latency","read",2488,"1684047457563"
"client","S2","latency","read",2670,"1684047457565"
"client","S2","latency","read",1965,"1684047457567"
"client","S2","latency","read",2704,"1684047457570"
"client","S2","latency","read",2574,"1684047457576"
"client","S2","latency","read",3123,"1684047457583"
"client","S2","latency","read",8951,"1684047457597"
"client","S2","latency","read",2757,"1684047457614"
"client","S2","latency","read",2044,"1684047457619"
"client","S2","latency","read",1992,"1684047457627"
"client","S2","latency","read",2562,"1684047457634"
"client","S2","latency","read",2047,"1684047457636"
"client","S2","latency","read",1865,"1684047457650"
"client","S2","latency","read",2837,"1684047457653"
"client","S2","latency","read",2698,"1684047457655"
"client","S2","latency","read",2769,"1684047457664"
"client","S2","latency","read",2800,"1684047457667"
"client","S2","latency","read",6571,"1684047457674"
"client","S2","latency","read",2719,"1684047457690"
"client","S2","latency","read",1850,"1684047457692"
"client","S2","latency","read",4226,"1684047457696"
"client","S2","latency","read",3980,"1684047457700"
"client","S2","latency","read",1897,"1684047457726"
"client","S2","latency","read",1843,"1684047457731"
"client","S2","latency","read",2590,"1684047457741"
"client","S2","latency","read",5978,"1684047457751"
"client","S2","latency","read",2639,"1684047457761"
"client","S2","latency","read",1898,"1684047457781"
"client","S2","latency","read",2801,"1684047457783"
"client","S2","latency","read",6242,"1684047457790"
"client","S2","latency","read",4878,"1684047457794"
"client","S2","latency","read",2871,"1684047457797"
"client","S2","latency","read",2811,"1684047457803"
"client","S2","latency","read",2738,"1684047457806"
"client","S2","latency","read",2748,"1684047457817"
"client","S2","latency","read",5859,"1684047457851"
"client","S2","latency","read",2847,"1684047457861"
"client","S2","latency","read",2761,"1684047457869"
"client","S2","latency","read",5199,"1684047457874"
"client","S2","latency","read",2847,"1684047457877"
"client","S2","latency","read",3609,"1684047457885"
"client","S2","latency","read",2690,"1684047457891"
"client","S2","latency","read",3122,"1684047457899"
"client","S2","latency","read",3287,"1684047457910"
"client","S2","latency","read",1970,"1684047457919"
"client","S2","latency","read",1944,"1684047457921"
"client","S2","latency","read",2667,"1684047457930"
"client","S2","latency","read",3052,"1684047457938"
"client","S2","latency","read",2755,"1684047457954"
"client","S2","latency","read",2896,"1684047457957"
"client","S2","latency","read",1983,"1684047457963"
"client","S2","latency","read",1925,"1684047457979"
"client","S2","latency","read",1917,"1684047457985"
"client","S2","latency","read",3586,"1684047457988"
"client","S2","latency","read",2821,"1684047457991"
"client","S2","latency","read",1688,"1684047457993"
"client","S2","latency","read",2334,"1684047457995"
"client","S2","latency","read",1850,"1684047457997"
"client","S2","latency","read",2958,"1684047458000"
"client","S2","latency","read",2655,"1684047458003"
"client","S2","latency","read",3055,"1684047458022"
"client","S2","latency","read",3048,"1684047458034"
"client","S2","latency","read",3007,"1684047458037"
"client","S2","latency","read",2790,"1684047458040"
"client","S2","latency","read",1879,"1684047458041"
"client","S2","latency","read",1874,"1684047458050"
"client","S2","latency","read",1847,"1684047458052"
"client","S2","latency","read",2874,"1684047458055"
"client","S2","latency","read",2819,"1684047458058"
"client","S2","latency","read",1800,"1684047458060"
"client","S2","latency","read",2695,"1684047458064"
"client","S2","latency","read",2800,"1684047458066"
"client","S2","latency","read",2732,"1684047458072"
"client","S2","latency","read",3565,"1684047458076"
"client","S2","latency","read",4260,"1684047458084"
"client","S2","latency","read",2728,"1684047458126"
"client","S2","latency","read",2670,"1684047458129"
"client","S2","latency","read",2864,"1684047458139"
"client","S2","latency","read",1964,"1684047458141"
"client","S2","latency","read",2691,"1684047458150"
"client","S2","latency","read",2843,"1684047458153"
"client","S2","latency","read",1800,"1684047458167"
"client","S2","latency","read",7593,"1684047458178"
"client","S2","latency","read",2630,"1684047458181"
"client","S2","latency","read",2631,"1684047458195"
"client","S2","latency","read",2484,"1684047458197"
"client","S2","latency","read",2743,"1684047458216"
"client","S2","latency","read",2694,"1684047458226"
"client","S2","latency","read",4965,"1684047458231"
"client","S2","latency","read",3194,"1684047458242"
"client","S2","latency","read",1938,"1684047458262"
"client","S2","latency","read",1762,"1684047458268"
"client","S2","latency","read",2671,"1684047458270"
"client","S2","latency","read",1726,"1684047458279"
"client","S2","latency","read",7023,"1684047458293"
"client","S2","latency","read",3088,"1684047458299"
"client","S2","latency","read",1713,"1684047458304"
"client","S2","latency","read",7001,"1684047458315"
"client","S2","latency","read",2734,"1684047458322"
"client","S2","latency","read",4692,"1684047458331"
"client","S2","latency","read",1913,"1684047458333"
"client","S2","latency","read",2498,"1684047458336"
"client","S2","latency","read",1890,"1684047458338"
"client","S2","latency","read",2734,"1684047458349"
"client","S2","latency","read",2552,"1684047458360"
"client","S2","latency","read",2516,"1684047458362"
"client","S2","latency","read",1740,"1684047458364"
"client","S2","latency","read",1710,"1684047458366"
"client","S2","latency","read",3035,"1684047458369"
"client","S2","latency","read",1680,"1684047458371"
"client","S2","latency","read",2501,"1684047458373"
"client","S2","latency","read",3982,"1684047458381"
"client","S2","latency","read",4637,"1684047458386"
"client","S2","latency","read",2820,"1684047458397"
"client","S2","latency","read",2586,"1684047458408"
"client","S2","latency","read",2605,"1684047458424"
"client","S2","latency","read",2582,"1684047458427"
"client","S2","latency","read",5557,"1684047458432"
"client","S2","latency","read",2506,"1684047458435"
"client","S2","latency","read",1708,"1684047458437"
"client","S2","latency","read",4890,"1684047458472"
"client","S2","latency","read",1767,"1684047458488"
"client","S2","latency","read",2703,"1684047458498"
"client","S2","latency","read-failed",-1,"-1"
"client","S2","latency","update",43439,"1684047453577"
"client","S2","latency","update",29344,"1684047453607"
"client","S2","latency","update",10413,"1684047453628"
"client","S2","latency","update",13598,"1684047453642"
"client","S2","latency","update",29885,"1684047453679"
"client","S2","latency","update",12667,"1684047453719"
"client","S2","latency","update",11723,"1684047453738"
"client","S2","latency","update",9639,"1684047453747"
"client","S2","latency","update",9215,"1684047453757"
"client","S2","latency","update",10420,"1684047453767"
"client","S2","latency","update",13184,"1684047453780"
"client","S2","latency","update",9459,"1684047453790"
"client","S2","latency","update",5376,"1684047453821"
"client","S2","latency","update",11945,"1684047453872"
"client","S2","latency","update",15633,"1684047453888"
"client","S2","latency","update",8101,"1684047453896"
"client","S2","latency","update",7153,"1684047453911"
"client","S2","latency","update",9006,"1684047453929"
"client","S2","latency","update",6414,"1684047453966"
"client","S2","latency","update",7536,"1684047453988"
"client","S2","latency","update",11052,"1684047453999"
"client","S2","latency","update",10325,"1684047454018"
"client","S2","latency","update",5400,"1684047454024"
"client","S2","latency","update",7734,"1684047454032"
"client","S2","latency","update",14574,"1684047454046"
"client","S2","latency","update",8437,"1684047454074"
"client","S2","latency","update",11766,"1684047454085"
"client","S2","latency","update",11253,"1684047454101"
"client","S2","latency","update",21537,"1684047454122"
"client","S2","latency","update",12527,"1684047454141"
"client","S2","latency","update",7273,"1684047454148"
"client","S2","latency","update",9652,"1684047454158"
"client","S2","latency","update",5474,"1684047454174"
"client","S2","latency","update",5370,"1684047454180"
"client","S2","latency","update",6797,"1684047454214"
"client","S2","latency","update",6560,"1684047454228"
"client","S2","latency","update",7216,"1684047454235"
"client","S2","latency","update",8901,"1684047454244"
"client","S2","latency","update",10242,"1684047454254"
"client","S2","latency","update",5423,"1684047454260"
"client","S2","latency","update",4459,"1684047454267"
"client","S2","latency","update",7318,"1684047454285"
"client","S2","latency","update",9799,"1684047454310"
"client","S2","latency","update",9064,"1684047454319"
"client","S2","latency","update",10388,"1684047454329"
"client","S2","latency","update",7513,"1684047454342"
"client","S2","latency","update",12337,"1684047454354"
"client","S2","latency","update",5529,"1684047454385"
"client","S2","latency","update",4085,"1684047454389"
"client","S2","latency","update",7654,"1684047454403"
"client","S2","latency","update",22400,"1684047454426"
"client","S2","latency","update",8644,"1684047454434"
"client","S2","latency","update",13574,"1684047454448"
"client","S2","latency","update",7173,"1684047454467"
"client","S2","latency","update",5070,"1684047454472"
"client","S2","latency","update",14156,"1684047454502"
"client","S2","latency","update",16464,"1684047454522"
"client","S2","latency","update",8447,"1684047454531"
"client","S2","latency","update",4792,"1684047454536"
"client","S2","latency","update",3999,"1684047454560"
"client","S2","latency","update",20814,"1684047454584"
"client","S2","latency","update",5302,"1684047454590"
"client","S2","latency","update",7666,"1684047454597"
"client","S2","latency","update",8008,"1684047454609"
"client","S2","latency","update",5183,"1684047454621"
"client","S2","latency","update",4794,"1684047454626"
"client","S2","latency","update",10623,"1684047454657"
"client","S2","latency","update",5531,"1684047454698"
"client","S2","latency","update",7697,"1684047454716"
"client","S2","latency","update",12418,"1684047454728"
"client","S2","latency","update",8301,"1684047454737"
"client","S2","latency","update",4813,"1684047454741"
"client","S2","latency","update",7067,"1684047454760"
"client","S2","latency","update",4545,"1684047454765"
"client","S2","latency","update",8576,"1684047454777"
"client","S2","latency","update",5016,"1684047454782"
"client","S2","latency","update",10215,"1684047454792"
"client","S2","latency","update",4036,"1684047454796"
"client","S2","latency","update",4709,"1684047454805"
"client","S2","latency","update",7170,"1684047454812"
"client","S2","latency","update",9096,"1684047454821"
"client","S2","latency","update",9507,"1684047454831"
"client","S2","latency","update",7285,"1684047454844"
"client","S2","latency","update",4988,"1684047454856"
"client","S2","latency","update",3653,"1684047454885"
"client","S2","latency","update",4171,"1684047454896"
"client","S2","latency","update",5861,"1684047454902"
"client","S2","latency","update",3763,"1684047454908"
"client","S2","latency","update",5329,"1684047454919"
"client","S2","latency","update",5070,"1684047454924"
"client","S2","latency","update",8366,"1684047454942"
"client","S2","latency","update",5813,"1684047454969"
"client","S2","latency","update",6313,"1684047454980"
"client","S2","latency","update",5934,"1684047454994"
"client","S2","latency","update",5341,"1684047455002"
"client","S2","latency","update",4325,"1684047455006"
"client","S2","latency","update",6226,"1684047455013"
"client","S2","latency","update",5717,"1684047455062"
"client","S2","latency","update",11318,"1684047455078"
"client","S2","latency","update",3731,"1684047455085"
"client","S2","latency","update",7440,"1684047455092"
"client","S2","latency","update",4775,"1684047455103"
"client","S2","latency","update",5899,"1684047455113"
"client","S2","latency","update",3847,"1684047455119"
"client","S2","latency","update",7073,"1684047455126"
"client","S2","latency","update",3715,"1684047455130"
"client","S2","latency","update",17567,"1684047455147"
"client","S2","latency","update",3857,"1684047455151"
"client","S2","latency","update",3593,"1684047455155"
"client","S2","latency","update",6587,"1684047455161"
"client","S2","latency","update",5132,"1684047455169"
"client","S2","latency","update",8640,"1684047455178"
"client","S2","latency","update",5020,"1684047455183"
"client","S2","latency","update",6856,"1684047455216"
"client","S2","latency","update",3514,"1684047455220"
"client","S2","latency","update",8447,"1684047455229"
"client","S2","latency","update",9748,"1684047455274"
"client","S2","latency","update",4086,"1684047455278"
"client","S2","latency","update",5401,"1684047455283"
"client","S2","latency","update",4982,"1684047455306"
"client","S2","latency","update",5124,"1684047455325"
"client","S2","latency","update",3471,"1684047455335"
"client","S2","latency","update",10918,"1684047455352"
"client","S2","latency","update",3729,"1684047455355"
"client","S2","latency","update",3544,"1684047455359"
"client","S2","latency","update",7103,"1684047455366"
"client","S2","latency","update",7628,"1684047455411"
"client","S2","latency","update",5427,"1684047455416"
"client","S2","latency","update",4753,"1684047455421"
"client","S2","latency","update",4597,"1684047455426"
"client","S2","latency","update",3592,"1684047455429"
"client","S2","latency","update",6657,"1684047455439"
"client","S2","latency","update",4400,"1684047455444"
"client","S2","latency","update",5965,"1684047455455"
"client","S2","latency","update",4270,"1684047455460"
"client","S2","latency","update",7773,"1684047455470"
"client","S2","latency","update",4491,"1684047455474"
"client","S2","latency","update",4413,"1684047455478"
"client","S2","latency","update",3970,"1684047455482"
"client","S2","latency","update",12230,"1684047455495"
"client","S2","latency","update",4397,"1684047455501"
"client","S2","latency","update",9179,"1684047455521"
"client","S2","latency","update",6315,"1684047455527"
"client","S2","latency","update",5371,"1684047455532"
"client","S2","latency","update",4689,"1684047455552"
"client","S2","latency","update",4485,"1684047455564"
"client","S2","latency","update",3442,"1684047455568"
"client","S2","latency","update",4629,"1684047455572"
"client","S2","latency","update",4776,"1684047455580"
"client","S2","latency","update",5241,"1684047455586"
"client","S2","latency","update",4707,"1684047455595"
"client","S2","latency","update",5848,"1684047455608"
"client","S2","latency","update",4430,"1684047455615"
"client","S2","latency","update",3716,"1684047455622"
"client","S2","latency","update",13021,"1684047455635"
"client","S2","latency","update",5786,"1684047455641"
"client","S2","latency","update",4481,"1684047455645"
"client","S2","latency","update",7882,"1684047455653"
"client","S2","latency","update",4467,"1684047455658"
"client","S2","latency","update",4608,"1684047455679"
"client","S2","latency","update",5979,"1684047455699"
"client","S2","latency","update",4490,"1684047455719"
"client","S2","latency","update",7350,"1684047455727"
"client","S2","latency","update",4716,"1684047455731"
"client","S2","latency","update",14035,"1684047455749"
"client","S2","latency","update",3421,"1684047455758"
"client","S2","latency","update",5647,"1684047455773"
"client","S2","latency","update",4482,"1684047455778"
"client","S2","latency","update",4266,"1684047455787"
"client","S2","latency","update",3228,"1684047455790"
"client","S2","latency","update",17473,"1684047455814"
"client","S2","latency","update",6797,"1684047455820"
"client","S2","latency","update",3268,"1684047455838"
"client","S2","latency","update",4245,"1684047455859"
"client","S2","latency","update",5427,"1684047455864"
"client","S2","latency","update",3052,"1684047455871"
"client","S2","latency","update",5955,"1684047455877"
"client","S2","latency","update",9180,"1684047455901"
"client","S2","latency","update",4208,"1684047455905"
"client","S2","latency","update",4533,"1684047455910"
"client","S2","latency","update",7226,"1684047455917"
"client","S2","latency","update",5443,"1684047455923"
"client","S2","latency","update",3392,"1684047455926"
"client","S2","latency","update",4462,"1684047455941"
"client","S2","latency","update",4289,"1684047455946"
"client","S2","latency","update",4318,"1684047455950"
"client","S2","latency","update",4568,"1684047455955"
"client","S2","latency","update",4363,"1684047455968"
"client","S2","latency","update",7629,"1684047455979"
"client","S2","latency","update",6662,"1684047456001"
"client","S2","latency","update",4105,"1684047456005"
"client","S2","latency","update",3381,"1684047456008"
"client","S2","latency","update",3935,"1684047456021"
"client","S2","latency","update",4303,"1684047456028"
"client","S2","latency","update",4044,"1684047456032"
"client","S2","latency","update",4766,"1684047456039"
"client","S2","latency","update",4688,"1684047456044"
"client","S2","latency","update",8923,"1684047456054"
"client","S2","latency","update",6097,"1684047456060"
"client","S2","latency","update",4477,"1684047456065"
"client","S2","latency","update",4390,"1684047456072"
"client","S2","latency","update",4219,"1684047456077"
"client","S2","latency","update",4101,"1684047456081"
"client","S2","latency","update",6348,"1684047456090"
"client","S2","latency","update",3564,"1684047456094"
"client","S2","latency","update",23007,"1684047456117"
"client","S2","latency","update",3232,"1684047456139"
"client","S2","latency","update",3094,"1684047456142"
"client","S2","latency","update",3273,"1684047456145"
"client","S2","latency","update",7942,"1684047456153"
"client","S2","latency","update",6780,"1684047456163"
"client","S2","latency","update",4315,"1684047456168"
"client","S2","latency","update",4845,"1684047456172"
"client","S2","latency","update",3876,"1684047456180"
"client","S2","latency","update",5335,"1684047456186"
"client","S2","latency","update",3569,"1684047456191"
"client","S2","latency","update",6352,"1684047456204"
"client","S2","latency","update",4107,"1684047456211"
"client","S2","latency","update",4380,"1684047456215"
"client","S2","latency","update",4367,"1684047456257"
"client","S2","latency","update",4246,"1684047456261"
"client","S2","latency","update",4274,"1684047456273"
"client","S2","latency","update",3153,"1684047456276"
"client","S2","latency","update",4468,"1684047456289"
"client","S2","latency","update",3294,"1684047456293"
"client","S2","latency","update",5321,"1684047456298"
"client","S2","latency","update",6209,"1684047456311"
"client","S2","latency","update",3411,"1684047456315"
"client","S2","latency","update",7774,"1684047456340"
"client","S2","latency","update",4122,"1684047456344"
"client","S2","latency","update",7264,"1684047456351"
"client","S2","latency","update",3516,"1684047456358"
"client","S2","latency","update",3516,"1684047456373"
"client","S2","latency","update",7114,"1684047456380"
"client","S2","latency","update",3927,"1684047456402"
"client","S2","latency","update",3896,"1684047456407"
"client","S2","latency","update",3220,"1684047456410"
"client","S2","latency","update",3241,"1684047456419"
"client","S2","latency","update",5886,"1684047456434"
"client","S2","latency","update",5324,"1684047456439"
"client","S2","latency","update",4050,"1684047456459"
"client","S2","latency","update",4314,"1684047456469"
"client","S2","latency","update",4813,"1684047456480"
"client","S2","latency","update",5038,"1684047456485"
"client","S2","latency","update",4066,"1684047456492"
"client","S2","latency","update",4418,"1684047456521"
"client","S2","latency","update",3136,"1684047456524"
"client","S2","latency","update",3829,"1684047456528"
"client","S2","latency","update",5925,"1684047456534"
"client","S2","latency","update",4089,"1684047456555"
"client","S2","latency","update",3996,"1684047456559"
"client","S2","latency","update",3670,"1684047456563"
"client","S2","latency","update",3528,"1684047456570"
"client","S2","latency","update",4049,"1684047456574"
"client","S2","latency","update",6367,"1684047456581"
"client","S2","latency","update",4386,"1684047456596"
"client","S2","latency","update",3338,"1684047456605"
"client","S2","latency","update",3856,"1684047456609"
"client","S2","latency","update",4976,"1684047456614"
"client","S2","latency","update",6099,"1684047456625"
"client","S2","latency","update",3968,"1684047456640"
"client","S2","latency","update",6610,"1684047456647"
"client","S2","latency","update",3698,"1684047456656"
"client","S2","latency","update",6970,"1684047456665"
"client","S2","latency","update",3670,"1684047456669"
"client","S2","latency","update",4241,"1684047456673"
"client","S2","latency","update",3363,"1684047456681"
"client","S2","latency","update",7443,"1684047456691"
"client","S2","latency","update",4098,"1684047456701"
"client","S2","latency","update",6955,"1684047456708"
"client","S2","latency","update",4032,"1684047456712"
"client","S2","latency","update",3089,"1684047456716"
"client","S2","latency","update",6766,"1684047456725"
"client","S2","latency","update",3968,"1684047456729"
"client","S2","latency","update",4532,"1684047456734"
"client","S2","latency","update",3001,"1684047456737"
"client","S2","latency","update",3925,"1684047456741"
"client","S2","latency","update",3886,"1684047456745"
"client","S2","latency","update",7991,"1684047456761"
"client","S2","latency","update",3090,"1684047456769"
"client","S2","latency","update",2993,"1684047456773"
"client","S2","latency","update",4026,"1684047456777"
"client","S2","latency","update",3688,"1684047456785"
"client","S2","latency","update",11601,"1684047456799"
"client","S2","latency","update",3731,"1684047456803"
"client","S2","latency","update",3656,"1684047456807"
"client","S2","latency","update",4646,"1684047456811"
"client","S2","latency","update",6821,"1684047456818"
"client","S2","latency","update",3669,"1684047456833"
"client","S2","latency","update",6156,"1684047456841"
"client","S2","latency","update",4134,"1684047456845"
"client","S2","latency","update",6254,"1684047456855"
"client","S2","latency","update",5079,"1684047456860"
"client","S2","latency","update",3768,"1684047456867"
"client","S2","latency","update",4334,"1684047456880"
"client","S2","latency","update",3600,"1684047456883"
"client","S2","latency","update",6175,"1684047456890"
"client","S2","latency","update",4756,"1684047456897"
"client","S2","latency","update",6084,"1684047456903"
"client","S2","latency","update",4054,"1684047456915"
"client","S2","latency","update",3036,"1684047456918"
"client","S2","latency","update",4043,"1684047456922"
"client","S2","latency","update",5138,"1684047456932"
"client","S2","latency","update",5130,"1684047456937"
"client","S2","latency","update",3815,"1684047456949"
"client","S2","latency","update",3766,"1684047456968"
"client","S2","latency","update",4118,"1684047456975"
"client","S2","latency","update",5958,"1684047456981"
"client","S2","latency","update",4166,"1684047456997"
"client","S2","latency","update",4183,"1684047457002"
"client","S2","latency","update",3699,"1684047457005"
"client","S2","latency","update",4178,"1684047457012"
"client","S2","latency","update",2980,"1684047457015"
"client","S2","latency","update",6291,"1684047457028"
"client","S2","latency","update",7633,"1684047457035"
"client","S2","latency","update",8139,"1684047457043"
"client","S2","latency","update",3770,"1684047457047"
"client","S2","latency","update",4707,"1684047457057"
"client","S2","latency","update",4319,"1684047457063"
"client","S2","latency","update",8358,"1684047457072"
"client","S2","latency","update",4399,"1684047457078"
"client","S2","latency","update",4290,"1684047457083"
"client","S2","latency","update",3386,"1684047457103"
"client","S2","latency","update",4860,"1684047457118"
"client","S2","latency","update",3956,"1684047457122"
"client","S2","latency","update",3878,"1684047457130"
"client","S2","latency","update",4975,"1684047457140"
"client","S2","latency","update",3733,"1684047457144"
"client","S2","latency","update",2976,"1684047457150"
"client","S2","latency","update",5253,"1684047457177"
"client","S2","latency","update",3936,"1684047457184"
"client","S2","latency","update",4513,"1684047457189"
"client","S2","latency","update",8613,"1684047457197"
"client","S2","latency","update",3063,"1684047457200"
"client","S2","latency","update",4181,"1684047457209"
"client","S2","latency","update",3382,"1684047457213"
"client","S2","latency","update",3918,"1684047457219"
"client","S2","latency","update",3014,"1684047457228"
"client","S2","latency","update",11633,"1684047457245"
"client","S2","latency","update",3933,"1684047457251"
"client","S2","latency","update",3146,"1684047457254"
"client","S2","latency","update",3791,"1684047457263"
"client","S2","latency","update",3657,"1684047457271"
"client","S2","latency","update",3650,"1684047457275"
"client","S2","latency","update",2874,"1684047457296"
"client","S2","latency","update",2946,"1684047457304"
"client","S2","latency","update",3819,"1684047457308"
"client","S2","latency","update",3718,"1684047457319"
"client","S2","latency","update",4601,"1684047457323"
"client","S2","latency","update",4209,"1684047457327"
"client","S2","latency","update",3542,"1684047457331"
"client","S2","latency","update",3768,"1684047457344"
"client","S2","latency","update",3723,"1684047457351"
"client","S2","latency","update",2878,"1684047457354"
"client","S2","latency","update",3224,"1684047457365"
"client","S2","latency","update",3526,"1684047457373"
"client","S2","latency","update",2956,"1684047457378"
"client","S2","latency","update",3715,"1684047457384"
"client","S2","latency","update",7780,"1684047457403"
"client","S2","latency","update",4041,"1684047457409"
"client","S2","latency","update",2772,"1684047457412"
"client","S2","latency","update",7495,"1684047457426"
"client","S2","latency","update",7064,"1684047457433"
"client","S2","latency","update",6063,"1684047457442"
"client","S2","latency","update",4233,"1684047457454"
"client","S2","latency","update",4372,"1684047457461"
"client","S2","latency","update",4303,"1684047457479"
"client","S2","latency","update",4057,"1684047457483"
"client","S2","latency","update",5541,"1684047457497"
"client","S2","latency","update",4043,"1684047457501"
"client","S2","latency","update",3829,"1684047457505"
"client","S2","latency","update",3917,"1684047457509"
"client","S2","latency","update",5824,"1684047457526"
"client","S2","latency","update",3707,"1684047457529"
"client","S2","latency","update",3996,"1684047457540"
"client","S2","latency","update",7805,"1684047457554"
"client","S2","latency","update",3719,"1684047457574"
"client","S2","latency","update",3908,"1684047457580"
"client","S2","latency","update",4000,"1684047457587"
"client","S2","latency","update",10224,"1684047457608"
"client","S2","latency","update",3727,"1684047457611"
"client","S2","latency","update",3150,"1684047457617"
"client","S2","latency","update",5179,"1684047457625"
"client","S2","latency","update",4830,"1684047457631"
"client","S2","latency","update",3962,"1684047457640"
"client","S2","latency","update",3861,"1684047457644"
"client","S2","latency","update",3834,"1684047457648"
"client","S2","latency","update",6184,"1684047457661"
"client","S2","latency","update",9112,"1684047457684"
"client","S2","latency","update",3863,"1684047457688"
"client","S2","latency","update",3841,"1684047457704"
"client","S2","latency","update",3823,"1684047457708"
"client","S2","latency","update",3790,"1684047457712"
"client","S2","latency","update",8193,"1684047457720"
"client","S2","latency","update",3895,"1684047457724"
"client","S2","latency","update",3009,"1684047457729"
"client","S2","latency","update",3727,"1684047457735"
"client","S2","latency","update",3682,"1684047457738"
"client","S2","latency","update",4263,"1684047457745"
"client","S2","latency","update",4500,"1684047457756"
"client","S2","latency","update",2898,"1684047457759"
"client","S2","latency","update",2839,"1684047457764"
"client","S2","latency","update",4664,"1684047457769"
"client","S2","latency","update",6656,"1684047457775"
"client","S2","latency","update",3099,"1684047457779"
"client","S2","latency","update",3065,"1684047457800"
"client","S2","latency","update",3954,"1684047457810"
"client","S2","latency","update",4134,"1684047457814"
"client","S2","latency","update",3798,"1684047457821"
"client","S2","latency","update",5897,"1684047457827"
"client","S2","latency","update",3773,"1684047457830"
"client","S2","latency","update",3948,"1684047457834"
"client","S2","latency","update",3778,"1684047457838"
"client","S2","latency","update",3632,"1684047457842"
"client","S2","latency","update",2997,"1684047457845"
"client","S2","latency","update",4982,"1684047457856"
"client","S2","latency","update",2825,"1684047457859"
"client","S2","latency","update",4782,"1684047457866"
"client","S2","latency","update",3818,"1684047457881"
"client","S2","latency","update",4093,"1684047457889"
"client","S2","latency","update",4027,"1684047457895"
"client","S2","latency","update",3890,"1684047457902"
"client","S2","latency","update",4013,"1684047457906"
"client","S2","latency","update",7042,"1684047457917"
"client","S2","latency","update",3818,"1684047457925"
"client","S2","latency","update",3003,"1684047457928"
"client","S2","latency","update",3902,"1684047457934"
"client","S2","latency","update",3154,"1684047457941"
"client","S2","latency","update",3934,"1684047457945"
"client","S2","latency","update",2920,"1684047457948"
"client","S2","latency","update",3704,"1684047457952"
"client","S2","latency","update",4215,"1684047457961"
"client","S2","latency","update",3175,"1684047457967"
"client","S2","latency","update",6459,"1684047457973"
"client","S2","latency","update",3882,"1684047457977"
"client","S2","latency","update",3920,"1684047457983"
"client","S2","latency","update",5375,"1684047458008"
"client","S2","latency","update",4035,"1684047458012"
"client","S2","latency","update",6647,"1684047458019"
"client","S2","latency","update",8589,"1684047458031"
"client","S2","latency","update",3682,"1684047458045"
"client","S2","latency","update",3444,"1684047458049"
"client","S2","latency","update",2844,"1684047458069"
"client","S2","latency","update",3830,"1684047458079"
"client","S2","latency","update",2815,"1684047458087"
"client","S2","latency","update",3633,"1684047458090"
"client","S2","latency","update",2999,"1684047458093"
"client","S2","latency","update",7113,"1684047458100"
"client","S2","latency","update",13736,"1684047458114"
"client","S2","latency","update",5697,"1684047458120"
"client","S2","latency","update",3590,"1684047458124"
"client","S2","latency","update",3812,"1684047458133"
"client","S2","latency","update",3608,"1684047458136"
"client","S2","latency","update",5981,"1684047458147"
"client","S2","latency","update",5015,"1684047458158"
"client","S2","latency","update",3677,"1684047458162"
"client","S2","latency","update",3442,"1684047458165"
"client","S2","latency","update",3574,"1684047458170"
"client","S2","latency","update",11433,"1684047458192"
"client","S2","latency","update",3744,"1684047458201"
"client","S2","latency","update",3557,"1684047458205"
"client","S2","latency","update",3567,"1684047458208"
"client","S2","latency","update",4861,"1684047458213"
"client","S2","latency","update",2838,"1684047458219"
"client","S2","latency","update",5075,"1684047458224"
"client","S2","latency","update",2917,"1684047458234"
"client","S2","latency","update",4021,"1684047458238"
"client","S2","latency","update",5473,"1684047458247"
"client","S2","latency","update",3595,"1684047458251"
"client","S2","latency","update",3796,"1684047458255"
"client","S2","latency","update",5729,"1684047458260"
"client","S2","latency","update",3790,"1684047458266"
"client","S2","latency","update",3794,"1684047458274"
"client","S2","latency","update",2972,"1684047458277"
"client","S2","latency","update",3549,"1684047458283"
"client","S2","latency","update",3336,"1684047458286"
"client","S2","latency","update",2840,"1684047458296"
"client","S2","latency","update",3516,"1684047458302"
"client","S2","latency","update",4286,"1684047458308"
"client","S2","latency","update",3719,"1684047458319"
"client","S2","latency","update",4640,"1684047458327"
"client","S2","latency","update",8106,"1684047458346"
"client","S2","latency","update",4777,"1684047458353"
"client","S2","latency","update",4056,"1684047458357"
"client","S2","latency","update",3676,"1684047458377"
"client","S2","latency","update",8952,"1684047458394"
"client","S2","latency","update",3580,"1684047458401"
"client","S2","latency","update",3967,"1684047458405"
"client","S2","latency","update",6630,"1684047458414"
"client","S2","latency","update",3530,"1684047458418"
"client","S2","latency","update",3812,"1684047458422"
"client","S2","latency","update",3523,"1684047458440"
"client","S2","latency","update",2642,"1684047458443"
"client","S2","latency","update",3326,"1684047458446"
"client","S2","latency","update",17376,"1684047458463"
"client","S2","latency","update",3771,"1684047458467"
"client","S2","latency","update",3696,"1684047458476"
"client","S2","latency","update",4118,"1684047458480"
"client","S2","latency","update",6355,"1684047458486"
"client","S2","latency","update",7153,"1684047458495"
"client","S2","latency","update-failed",-1,"-1"
"client","S2","latency","insert",-1,"-1"
"client","S2","latency","insert-failed",-1,"-1"
"client","S2","latency","scan",-1,"-1"
"client","S2","latency","scan-failed",-1,"-1"
"client","S2","latency","read-modify-write",-1,"-1"
"client","S2","latency","read-modify-write-failed",-1,"-1"
